tech,cell_type,cell_name,from_pin,to_pin,pol,voltage,temp,delay,wp_sum,wn_sum,slew,cap,log_slew,log_cap,req_p,req_n,rc_p,rc_n,req_eff,rc_eff,wp_over_wn,pn_balance,is_inv,stack_pd,inv_v,inv_temp,is_labeled
ASAP7,AND4X2,AND4x2_ASAP7_6t_L,A,Y,rise,0.7,25.0,90.5367,-0.48945498845297275,-0.48945498845297275,1.3979400086894094,-1.637517506399239,1.3979400086894094,-1.637517506399239,0.4894549899340993,0.4894549899340993,-1.1480625293481717,-1.1480625293481717,0.4894549899340993,-1.1480625293481717,1.0,0.0,0,1,1.4285714285714286,0.04,0
ASAP7,XOR2X2,XOR2x2_ASAP7_6t_L,A,Y,fall,0.7,25.0,31.5221,-0.4225081990138475,-0.4225081990138475,1.6989700043447047,-2.5406073614441,1.6989700043447047,-2.5406073614441,0.4225082003269381,0.4225082003269381,-2.1180992550768476,-2.1180992550768476,0.4225082003269381,-2.1180992550768476,1.0,0.0,0,1,1.4285714285714286,0.04,0
ASAP7,AND2X2,AND2x2_ASAP7_6t_L,A,Y,fall,0.7,25.0,59.5534,-0.7904849827765389,-0.6655462468384465,2.301029995666153,-2.5406073614441,2.301029995666153,-2.5406073614441,0.7904849855277247,0.6655462489428767,-1.7501225023543363,-1.875061230819615,0.6655462489428767,-1.875061230819615,0.75,-0.14285714285714285,0,1,1.4285714285714286,0.04,0
ASAP7,NOR3X1,NOR3x1_ASAP7_6t_L,B,Y,rise,0.7,25.0,15.1165,-0.31336372984409655,-0.7904849827765389,1.0969100130428,-2.8416372063114648,1.0969100130428,-2.8416372063114648,0.31336373094877373,0.7904849855277247,-2.5282736305926807,-2.051152473589255,0.31336373094877373,-2.5282736305926807,3.0,0.4999999999999999,0,1,1.4285714285714286,0.04,0
ASAP7,INVX4,INVx4_ASAP7_6t_L,A,Y,fall,0.7,25.0,214.098,-0.6655462468384465,-0.6655462468384465,2.0000000000043427,-0.7344275359006837,2.0000000000043427,-0.7344275359006837,0.6655462489428767,0.6655462489428767,-0.06888128889887407,-0.06888128889887407,0.6655462489428767,-0.06888128889887407,1.0,0.0,1,1,1.4285714285714286,0.04,0
ASAP7,OR3X4,OR3x4_ASAP7_6t_L,C,Y,rise,0.7,25.0,260.607,-0.4225081990138475,-0.4225081990138475,2.0000000000043427,-0.7344275359006837,2.0000000000043427,-0.7344275359006837,0.4225082003269381,0.4225082003269381,-0.31191933720346426,-0.31191933720346426,0.4225082003269381,-0.31191933720346426,1.0,0.0,0,1,1.4285714285714286,0.04,0
ASAP7,AND4X2,AND4x2_ASAP7_6t_L,B,Y,fall,0.7,25.0,225.403,-0.48945498845297275,-0.48945498845297275,2.301029995666153,-1.0354575292084665,2.301029995666153,-1.0354575292084665,0.4894549899340993,0.4894549899340993,-0.5460025426006588,-0.5460025426006588,0.4894549899340993,-0.5460025426006588,1.0,0.0,0,1,1.4285714285714286,0.04,0
ASAP7,AND4X2,AND4x2_ASAP7_6t_L,B,Y,fall,0.7,25.0,19.5381,-0.48945498845297275,-0.48945498845297275,0.7958800174135623,-2.5406073614441,0.7958800174135623,-2.5406073614441,0.4894549899340993,0.4894549899340993,-2.051152473589255,-2.051152473589255,0.4894549899340993,-2.051152473589255,1.0,0.0,0,1,1.4285714285714286,0.04,0
ASAP7,XOR2X2,XOR2x2_ASAP7_6t_L,A,Y,fall,0.7,25.0,22.7291,-0.4225081990138475,-0.4225081990138475,0.7958800174135623,-2.8416372063114648,0.7958800174135623,-2.8416372063114648,0.4225082003269381,0.4225082003269381,-2.419129193739689,-2.419129193739689,0.4225082003269381,-2.419129193739689,1.0,0.0,0,1,1.4285714285714286,0.04,0
ASAP7,OR2X2,OR2x2_ASAP7_6t_L,B,Y,rise,0.7,25.0,27.8108,-0.6655462468384465,-0.7904849827765389,1.6989700043447047,-2.8416372063114648,1.6989700043447047,-2.8416372063114648,0.6655462489428767,0.7904849855277247,-2.176091193911514,-2.051152473589255,0.6655462489428767,-2.176091193911514,1.3333333333333335,0.14285714285714285,0,1,1.4285714285714286,0.04,0
ASAP7,AND3X4,AND3x4_ASAP7_6t_L,B,Y,rise,0.7,25.0,154.206,-0.4225081990138475,-0.26760623937278244,2.6020599913290483,-1.0354575292084665,2.6020599913290483,-1.0354575292084665,0.4225082003269381,0.26760624041155046,-0.6129493319768025,-0.7678512911991375,0.4225082003269381,-0.6129493319768025,0.7,-0.17647058823529424,0,1,1.4285714285714286,0.04,0
ASAP7,NAND3X2,NAND3x2_ASAP7_6t_L,A,Y,fall,0.7,25.0,14.4581,-0.48945498845297275,-0.012333734626920325,2.6020599913290483,-2.5406073614441,2.6020599913290483,-2.5406073614441,0.4894549899340993,0.012333735495859591,-2.051152473589255,-2.528273630592681,0.012333735495859591,-2.528273630592681,0.33333333333333326,-0.5,0,1,1.4285714285714286,0.04,0
ASAP7,AND4X1,AND4x1_ASAP7_6t_L,D,Y,rise,0.7,25.0,32.6483,-0.5686362342325145,-0.5686362342325145,1.3979400086894094,-2.8416372063114648,1.3979400086894094,-2.8416372063114648,0.5686362359582722,0.5686362359582722,-2.27300119063353,-2.27300119063353,0.5686362359582722,-2.27300119063353,1.0,0.0,0,1,1.4285714285714286,0.04,0
ASAP7,NOR3X2,NOR3x2_ASAP7_6t_L,C,Y,rise,0.7,25.0,44.6823,-0.012333734626920325,-0.48945498845297275,2.0000000000043427,-1.9385474832136347,2.0000000000043427,-1.9385474832136347,0.012333735495859591,0.4894549899340993,-1.926213749195486,-1.4490925189048869,0.012333735495859591,-1.926213749195486,3.0000000000000004,0.5,0,1,1.4285714285714286,0.04,0
ASAP7,NAND2X2,NAND2x2_ASAP7_6t_L,B,Y,rise,0.7,25.0,233.218,-0.6655462468384465,-0.3645162521797766,0.7958800174135623,-1.0354575292084665,0.7958800174135623,-1.0354575292084665,0.6655462489428767,0.3645162533727032,-0.3699112840539164,-0.6709412787000198,0.6655462489428767,-0.3699112840539164,0.5000000000000001,-0.3333333333333333,0,1,1.4285714285714286,0.04,0
ASAP7,OR3X4,OR3x4_ASAP7_6t_L,B,Y,fall,0.7,25.0,83.3722,-0.4225081990138475,-0.4225081990138475,2.301029995666153,-1.9385474832136347,2.301029995666153,-1.9385474832136347,0.4225082003269381,0.4225082003269381,-1.5160393064997446,-1.5160393064997446,0.4225082003269381,-1.5160393064997446,1.0,0.0,0,1,1.4285714285714286,0.04,0
ASAP7,OR2X4,OR2x4_ASAP7_6t_L,B,Y,rise,0.7,25.0,37.371,-0.48945498845297275,-0.48945498845297275,1.6989700043447047,-1.9385474832136347,1.6989700043447047,-1.9385474832136347,0.4894549899340993,0.4894549899340993,-1.4490925189048869,-1.4490925189048869,0.4894549899340993,-1.4490925189048869,1.0,0.0,0,1,1.4285714285714286,0.04,0
ASAP7,AND2X2,AND2x2_ASAP7_6t_L,A,Y,rise,0.7,25.0,24.2471,-0.7904849827765389,-0.6655462468384465,1.3979400086894094,-2.5406073614441,1.3979400086894094,-2.5406073614441,0.7904849855277247,0.6655462489428767,-1.7501225023543363,-1.875061230819615,0.7904849855277247,-1.7501225023543363,0.75,-0.14285714285714285,0,1,1.4285714285714286,0.04,0
ASAP7,NAND3X2,NAND3x2_ASAP7_6t_L,A,Y,rise,0.7,25.0,11.6781,-0.48945498845297275,-0.012333734626920325,1.0969100130428,-2.8416372063114648,1.0969100130428,-2.8416372063114648,0.4894549899340993,0.012333735495859591,-2.352182420395115,-2.829303479682349,0.4894549899340993,-2.352182420395115,0.33333333333333326,-0.5,0,1,1.4285714285714286,0.04,0
ASAP7,AND3X4,AND3x4_ASAP7_6t_L,A,Y,fall,0.7,25.0,62.4696,-0.4225081990138475,-0.26760623937278244,2.0000000000043427,-1.637517506399239,2.0000000000043427,-1.637517506399239,0.4225082003269381,0.26760624041155046,-1.2150093179609072,-1.3699112748930173,0.26760624041155046,-1.3699112748930173,0.7,-0.17647058823529424,0,1,1.4285714285714286,0.04,0
ASAP7,AND4X2,AND4x2_ASAP7_6t_L,C,Y,rise,0.7,25.0,36.9168,-0.48945498845297275,-0.48945498845297275,0.7958800174135623,-2.5406073614441,0.7958800174135623,-2.5406073614441,0.4894549899340993,0.4894549899340993,-2.051152473589255,-2.051152473589255,0.4894549899340993,-2.051152473589255,1.0,0.0,0,1,1.4285714285714286,0.04,0
ASAP7,OR4X2,OR4x2_ASAP7_6t_L,A,Y,rise,0.7,25.0,125.235,-0.48945498845297275,-0.48945498845297275,0.7958800174135623,-1.336487520160051,0.7958800174135623,-1.336487520160051,0.4894549899340993,0.4894549899340993,-0.8470325367378235,-0.8470325367378235,0.4894549899340993,-0.8470325367378235,1.0,0.0,0,1,1.4285714285714286,0.04,0
ASAP7,AND2X4,AND2x4_ASAP7_6t_L,A,Y,fall,0.7,25.0,59.2944,-0.3645162521797766,-0.3645162521797766,2.301029995666153,-1.637517506399239,2.301029995666153,-1.637517506399239,0.3645162533727032,0.3645162533727032,-1.2730012639207162,-1.2730012639207162,0.3645162533727032,-1.2730012639207162,1.0,0.0,0,1,1.4285714285714286,0.04,0
ASAP7,OR4X1,OR4x1_ASAP7_6t_L,B,Y,rise,0.7,25.0,131.87,-0.5686362342325145,-0.5686362342325145,2.0000000000043427,-1.637517506399239,2.0000000000043427,-1.637517506399239,0.5686362359582722,0.5686362359582722,-1.0688812843184246,-1.0688812843184246,0.5686362359582722,-1.0688812843184246,1.0,0.0,0,1,1.4285714285714286,0.04,0
ASAP7,NOR3X1,NOR3x1_ASAP7_6t_L,A,Y,rise,0.7,25.0,50.8235,-0.31336372984409655,-0.7904849827765389,2.0000000000043427,-2.239577441178447,2.0000000000043427,-2.239577441178447,0.31336373094877373,0.7904849855277247,-1.926213749195486,-1.4490925189048869,0.31336373094877373,-1.926213749195486,3.0,0.4999999999999999,0,1,1.4285714285714286,0.04,0
ASAP7,OR3X4,OR3x4_ASAP7_6t_L,B,Y,rise,0.7,25.0,45.5655,-0.4225081990138475,-0.4225081990138475,0.7958800174135623,-1.637517506399239,0.7958800174135623,-1.637517506399239,0.4225082003269381,0.4225082003269381,-1.2150093179609072,-1.2150093179609072,0.4225082003269381,-1.2150093179609072,1.0,0.0,0,1,1.4285714285714286,0.04,0
ASAP7,NOR2X1,NOR2x1_ASAP7_6t_L,B,Y,rise,0.7,25.0,22.9009,-0.6655462468384465,-0.9665762404918051,2.301029995666153,-3.14266690038237,2.301029995666153,-3.14266690038237,0.6655462489428767,0.9665762445599542,-2.4771211244313376,-2.176091193911514,0.6655462489428767,-2.4771211244313376,2.0,0.3333333333333333,0,1,1.4285714285714286,0.04,0
ASAP7,BUFX4,BUFx4_ASAP7_6t_L,A,Y,rise,0.7,25.0,25.3273,-0.5686362342325145,-0.5686362342325145,1.6989700043447047,-2.5406073614441,1.6989700043447047,-2.5406073614441,0.5686362359582722,0.5686362359582722,-1.9719712356846508,-1.9719712356846508,0.5686362359582722,-1.9719712356846508,1.0,0.0,0,1,1.4285714285714286,0.04,0
ASAP7,NAND2X2,NAND2x2_ASAP7_6t_L,B,Y,rise,0.7,25.0,44.8218,-0.6655462468384465,-0.3645162521797766,1.6989700043447047,-1.9385474832136347,1.6989700043447047,-1.9385474832136347,0.6655462489428767,0.3645162533727032,-1.2730012639207162,-1.574031251441676,0.6655462489428767,-1.2730012639207162,0.5000000000000001,-0.3333333333333333,0,1,1.4285714285714286,0.04,0
ASAP7,NAND2X2,NAND2x2_ASAP7_6t_L,B,Y,rise,0.7,25.0,34.0963,-0.6655462468384465,-0.3645162521797766,0.7958800174135623,-1.9385474832136347,0.7958800174135623,-1.9385474832136347,0.6655462489428767,0.3645162533727032,-1.2730012639207162,-1.574031251441676,0.6655462489428767,-1.2730012639207162,0.5000000000000001,-0.3333333333333333,0,1,1.4285714285714286,0.04,0
ASAP7,OR3X4,OR3x4_ASAP7_6t_L,B,Y,fall,0.7,25.0,106.272,-0.4225081990138475,-0.4225081990138475,2.6020599913290483,-1.9385474832136347,2.6020599913290483,-1.9385474832136347,0.4225082003269381,0.4225082003269381,-1.5160393064997446,-1.5160393064997446,0.4225082003269381,-1.5160393064997446,1.0,0.0,0,1,1.4285714285714286,0.04,0
ASAP7,NAND3X2,NAND3x2_ASAP7_6t_L,A,Y,fall,0.7,25.0,28.9759,-0.48945498845297275,-0.012333734626920325,2.301029995666153,-2.239577441178447,2.301029995666153,-2.239577441178447,0.4894549899340993,0.012333735495859591,-1.7501225023543363,-2.227243708215875,0.012333735495859591,-2.227243708215875,0.33333333333333326,-0.5,0,1,1.4285714285714286,0.04,0
ASAP7,AND2X4,AND2x4_ASAP7_6t_L,B,Y,fall,0.7,25.0,48.5763,-0.3645162521797766,-0.3645162521797766,2.0000000000043427,-1.637517506399239,2.0000000000043427,-1.637517506399239,0.3645162533727032,0.3645162533727032,-1.2730012639207162,-1.2730012639207162,0.3645162533727032,-1.2730012639207162,1.0,0.0,0,1,1.4285714285714286,0.04,0
ASAP7,AND4X1,AND4x1_ASAP7_6t_L,C,Y,fall,0.7,25.0,31.5367,-0.5686362342325145,-0.5686362342325145,2.0000000000043427,-2.8416372063114648,2.0000000000043427,-2.8416372063114648,0.5686362359582722,0.5686362359582722,-2.27300119063353,-2.27300119063353,0.5686362359582722,-2.27300119063353,1.0,0.0,0,1,1.4285714285714286,0.04,0
ASAP7,OR3X2,OR3x2_ASAP7_6t_L,A,Y,rise,0.7,25.0,30.0193,-0.5686362342325145,-0.5686362342325145,2.6020599913290483,-2.5406073614441,2.6020599913290483,-2.5406073614441,0.5686362359582722,0.5686362359582722,-1.9719712356846508,-1.9719712356846508,0.5686362359582722,-1.9719712356846508,1.0,0.0,0,1,1.4285714285714286,0.04,0
ASAP7,AND3X1,AND3x1_ASAP7_6t_L,A,Y,rise,0.7,25.0,50.8597,-0.6655462468384465,-0.6655462468384465,1.3979400086894094,-2.239577441178447,1.3979400086894094,-2.239577441178447,0.6655462489428767,0.6655462489428767,-1.574031251441676,-1.574031251441676,0.6655462489428767,-1.574031251441676,1.0,0.0,0,1,1.4285714285714286,0.04,0
ASAP7,OR3X4,OR3x4_ASAP7_6t_L,B,Y,fall,0.7,25.0,48.0619,-0.4225081990138475,-0.4225081990138475,1.6989700043447047,-2.5406073614441,1.6989700043447047,-2.5406073614441,0.4225082003269381,0.4225082003269381,-2.1180992550768476,-2.1180992550768476,0.4225082003269381,-2.1180992550768476,1.0,0.0,0,1,1.4285714285714286,0.04,0
ASAP7,NAND3X2,NAND3x2_ASAP7_6t_L,A,Y,rise,0.7,25.0,32.2566,-0.48945498845297275,-0.012333734626920325,1.6989700043447047,-2.239577441178447,1.6989700043447047,-2.239577441178447,0.4894549899340993,0.012333735495859591,-1.7501225023543363,-2.227243708215875,0.4894549899340993,-1.7501225023543363,0.33333333333333326,-0.5,0,1,1.4285714285714286,0.04,0
ASAP7,INVX4,INVx4_ASAP7_6t_L,A,Y,rise,0.7,25.0,121.661,-0.6655462468384465,-0.6655462468384465,1.3979400086894094,-1.0354575292084665,1.3979400086894094,-1.0354575292084665,0.6655462489428767,0.6655462489428767,-0.3699112840539164,-0.3699112840539164,0.6655462489428767,-0.3699112840539164,1.0,0.0,1,1,1.4285714285714286,0.04,0
ASAP7,NAND3X2,NAND3x2_ASAP7_6t_L,B,Y,fall,0.7,25.0,161.405,-0.48945498845297275,-0.012333734626920325,1.3979400086894094,-1.0354575292084665,1.3979400086894094,-1.0354575292084665,0.4894549899340993,0.012333735495859591,-0.5460025426006588,-1.0231237942666884,0.012333735495859591,-1.0231237942666884,0.33333333333333326,-0.5,0,1,1.4285714285714286,0.04,0
ASAP7,OR4X1,OR4x1_ASAP7_6t_L,C,Y,fall,0.7,25.0,33.6681,-0.5686362342325145,-0.5686362342325145,1.3979400086894094,-3.14266690038237,1.3979400086894094,-3.14266690038237,0.5686362359582722,0.5686362359582722,-2.5740311048673186,-2.5740311048673186,0.5686362359582722,-2.5740311048673186,1.0,0.0,0,1,1.4285714285714286,0.04,0
ASAP7,OR2X4,OR2x4_ASAP7_6t_L,B,Y,fall,0.7,25.0,144.668,-0.48945498845297275,-0.48945498845297275,2.0000000000043427,-1.0354575292084665,2.0000000000043427,-1.0354575292084665,0.4894549899340993,0.4894549899340993,-0.5460025426006588,-0.5460025426006588,0.4894549899340993,-0.5460025426006588,1.0,0.0,0,1,1.4285714285714286,0.04,0
ASAP7,NAND2X1,NAND2x1_ASAP7_6t_L,A,Y,fall,0.7,25.0,7.15661,-0.9665762404918051,-0.6655462468384465,0.7958800174135623,-3.14266690038237,0.7958800174135623,-3.14266690038237,0.9665762445599542,0.6655462489428767,-2.176091193911514,-2.4771211244313376,0.6655462489428767,-2.4771211244313376,0.5,-0.3333333333333333,0,1,1.4285714285714286,0.04,0
ASAP7,NAND3X1,NAND3x1_ASAP7_6t_L,A,Y,fall,0.7,25.0,28.3504,-0.7904849827765389,-0.31336372984409655,2.301029995666153,-2.5406073614441,2.301029995666153,-2.5406073614441,0.7904849855277247,0.31336373094877373,-1.7501225023543363,-2.227243708215875,0.31336373094877373,-2.227243708215875,0.3333333333333333,-0.4999999999999999,0,1,1.4285714285714286,0.04,0
ASAP7,NOR3X2,NOR3x2_ASAP7_6t_L,C,Y,rise,0.7,25.0,37.6697,-0.012333734626920325,-0.48945498845297275,1.3979400086894094,-1.9385474832136347,1.3979400086894094,-1.9385474832136347,0.012333735495859591,0.4894549899340993,-1.926213749195486,-1.4490925189048869,0.012333735495859591,-1.926213749195486,3.0000000000000004,0.5,0,1,1.4285714285714286,0.04,0
ASAP7,OR3X1,OR3x1_ASAP7_6t_L,C,Y,fall,0.7,25.0,50.5423,-0.6655462468384465,-0.6655462468384465,1.3979400086894094,-2.239577441178447,1.3979400086894094,-2.239577441178447,0.6655462489428767,0.6655462489428767,-1.574031251441676,-1.574031251441676,0.6655462489428767,-1.574031251441676,1.0,0.0,0,1,1.4285714285714286,0.04,0
ASAP7,INVX1,INVx1_ASAP7_6t_L,A,Y,rise,0.7,25.0,10.697,-1.2676062321345412,-1.2676062321345412,0.7958800174135623,-2.8416372063114648,0.7958800174135623,-2.8416372063114648,1.2676062402004833,1.2676062402004833,-1.574031251441676,-1.574031251441676,1.2676062402004833,-1.574031251441676,1.0,0.0,1,1,1.4285714285714286,0.04,0
ASAP7,OR4X2,OR4x2_ASAP7_6t_L,D,Y,rise,0.7,25.0,31.2559,-0.48945498845297275,-0.48945498845297275,1.3979400086894094,-2.239577441178447,1.3979400086894094,-2.239577441178447,0.4894549899340993,0.4894549899340993,-1.7501225023543363,-1.7501225023543363,0.4894549899340993,-1.7501225023543363,1.0,0.0,0,1,1.4285714285714286,0.04,0
ASAP7,AND2X2,AND2x2_ASAP7_6t_L,B,Y,rise,0.7,25.0,85.9802,-0.7904849827765389,-0.6655462468384465,2.301029995666153,-1.637517506399239,2.301029995666153,-1.637517506399239,0.7904849855277247,0.6655462489428767,-0.8470325367378235,-0.9719712723282458,0.7904849855277247,-0.8470325367378235,0.75,-0.14285714285714285,0,1,1.4285714285714286,0.04,0
ASAP7,BUFX8,BUFx8_ASAP7_6t_L,A,Y,rise,0.7,25.0,263.782,-0.26760623937278244,-0.26760623937278244,2.301029995666153,-0.4333975414148016,2.301029995666153,-0.4333975414148016,0.26760624041155046,0.26760624041155046,-0.16579130177969584,-0.16579130177969584,0.26760624041155046,-0.16579130177969584,1.0,0.0,0,1,1.4285714285714286,0.04,0
ASAP7,NOR3X1,NOR3x1_ASAP7_6t_L,C,Y,rise,0.7,25.0,26.2981,-0.31336372984409655,-0.7904849827765389,1.6989700043447047,-2.5406073614441,1.6989700043447047,-2.5406073614441,0.31336373094877373,0.7904849855277247,-2.227243708215875,-1.7501225023543363,0.31336373094877373,-2.227243708215875,3.0,0.4999999999999999,0,1,1.4285714285714286,0.04,0
ASAP7,BUFX4,BUFx4_ASAP7_6t_L,A,Y,rise,0.7,25.0,54.5277,-0.5686362342325145,-0.5686362342325145,2.6020599913290483,-1.9385474832136347,2.6020599913290483,-1.9385474832136347,0.5686362359582722,0.5686362359582722,-1.3699112748930173,-1.3699112748930173,0.5686362359582722,-1.3699112748930173,1.0,0.0,0,1,1.4285714285714286,0.04,0
ASAP7,AND4X2,AND4x2_ASAP7_6t_L,A,Y,rise,0.7,25.0,95.1312,-0.48945498845297275,-0.48945498845297275,1.6989700043447047,-1.637517506399239,1.6989700043447047,-1.637517506399239,0.4894549899340993,0.4894549899340993,-1.1480625293481717,-1.1480625293481717,0.4894549899340993,-1.1480625293481717,1.0,0.0,0,1,1.4285714285714286,0.04,0
ASAP7,XOR2X2,XOR2x2_ASAP7_6t_L,B,Y,rise,0.7,25.0,74.9581,-0.4225081990138475,-0.4225081990138475,1.3979400086894094,-1.637517506399239,1.3979400086894094,-1.637517506399239,0.4225082003269381,0.4225082003269381,-1.2150093179609072,-1.2150093179609072,0.4225082003269381,-1.2150093179609072,1.0,0.0,0,1,1.4285714285714286,0.04,0
ASAP7,OR3X4,OR3x4_ASAP7_6t_L,B,Y,rise,0.7,25.0,27.563,-0.4225081990138475,-0.4225081990138475,1.3979400086894094,-2.239577441178447,1.3979400086894094,-2.239577441178447,0.4225082003269381,0.4225082003269381,-1.817069287913439,-1.817069287913439,0.4225082003269381,-1.817069287913439,1.0,0.0,0,1,1.4285714285714286,0.04,0
ASAP7,OR2X2,OR2x2_ASAP7_6t_L,B,Y,fall,0.7,25.0,41.7502,-0.6655462468384465,-0.7904849827765389,2.301029995666153,-2.8416372063114648,2.301029995666153,-2.8416372063114648,0.6655462489428767,0.7904849855277247,-2.176091193911514,-2.051152473589255,0.7904849855277247,-2.051152473589255,1.3333333333333335,0.14285714285714285,0,1,1.4285714285714286,0.04,0
ASAP7,AND3X1,AND3x1_ASAP7_6t_L,A,Y,rise,0.7,25.0,25.4959,-0.6655462468384465,-0.6655462468384465,0.7958800174135623,-2.8416372063114648,0.7958800174135623,-2.8416372063114648,0.6655462489428767,0.6655462489428767,-2.176091193911514,-2.176091193911514,0.6655462489428767,-2.176091193911514,1.0,0.0,0,1,1.4285714285714286,0.04,0
ASAP7,OR3X4,OR3x4_ASAP7_6t_L,B,Y,rise,0.7,25.0,20.6461,-0.4225081990138475,-0.4225081990138475,1.0969100130428,-2.5406073614441,1.0969100130428,-2.5406073614441,0.4225082003269381,0.4225082003269381,-2.1180992550768476,-2.1180992550768476,0.4225082003269381,-2.1180992550768476,1.0,0.0,0,1,1.4285714285714286,0.04,0
ASAP7,OR3X4,OR3x4_ASAP7_6t_L,B,Y,fall,0.7,25.0,238.751,-0.4225081990138475,-0.4225081990138475,0.7958800174135623,-0.7344275359006837,0.7958800174135623,-0.7344275359006837,0.4225082003269381,0.4225082003269381,-0.31191933720346426,-0.31191933720346426,0.4225082003269381,-0.31191933720346426,1.0,0.0,0,1,1.4285714285714286,0.04,0
ASAP7,OR3X4,OR3x4_ASAP7_6t_L,C,Y,fall,0.7,25.0,74.6585,-0.4225081990138475,-0.4225081990138475,1.6989700043447047,-1.637517506399239,1.6989700043447047,-1.637517506399239,0.4225082003269381,0.4225082003269381,-1.2150093179609072,-1.2150093179609072,0.4225082003269381,-1.2150093179609072,1.0,0.0,0,1,1.4285714285714286,0.04,0
ASAP7,NOR3X2,NOR3x2_ASAP7_6t_L,C,Y,fall,0.7,25.0,204.119,-0.012333734626920325,-0.48945498845297275,1.3979400086894094,-1.0354575292084665,1.3979400086894094,-1.0354575292084665,0.012333735495859591,0.4894549899340993,-1.0231237942666884,-0.5460025426006588,0.4894549899340993,-0.5460025426006588,3.0000000000000004,0.5,0,1,1.4285714285714286,0.04,0
ASAP7,XOR2X2,XOR2x2_ASAP7_6t_L,A,Y,rise,0.7,25.0,248.22,-0.4225081990138475,-0.4225081990138475,1.6989700043447047,-1.0354575292084665,1.6989700043447047,-1.0354575292084665,0.4225082003269381,0.4225082003269381,-0.6129493319768025,-0.6129493319768025,0.4225082003269381,-0.6129493319768025,1.0,0.0,0,1,1.4285714285714286,0.04,0
ASAP7,NAND3X1,NAND3x1_ASAP7_6t_L,A,Y,fall,0.7,25.0,9.13999,-0.7904849827765389,-0.31336372984409655,0.7958800174135623,-2.8416372063114648,0.7958800174135623,-2.8416372063114648,0.7904849855277247,0.31336373094877373,-2.051152473589255,-2.5282736305926807,0.31336373094877373,-2.5282736305926807,0.3333333333333333,-0.4999999999999999,0,1,1.4285714285714286,0.04,0
ASAP7,AND3X4,AND3x4_ASAP7_6t_L,C,Y,fall,0.7,25.0,49.4714,-0.4225081990138475,-0.26760623937278244,2.0000000000043427,-2.239577441178447,2.0000000000043427,-2.239577441178447,0.4225082003269381,0.26760624041155046,-1.817069287913439,-1.9719712356846508,0.26760624041155046,-1.9719712356846508,0.7,-0.17647058823529424,0,1,1.4285714285714286,0.04,0
ASAP7,OR2X4,OR2x4_ASAP7_6t_L,A,Y,rise,0.7,25.0,18.449,-0.48945498845297275,-0.48945498845297275,0.7958800174135623,-2.5406073614441,0.7958800174135623,-2.5406073614441,0.4894549899340993,0.4894549899340993,-2.051152473589255,-2.051152473589255,0.4894549899340993,-2.051152473589255,1.0,0.0,0,1,1.4285714285714286,0.04,0
ASAP7,OR3X1,OR3x1_ASAP7_6t_L,A,Y,rise,0.7,25.0,71.9972,-0.6655462468384465,-0.6655462468384465,1.6989700043447047,-1.9385474832136347,1.6989700043447047,-1.9385474832136347,0.6655462489428767,0.6655462489428767,-1.2730012639207162,-1.2730012639207162,0.6655462489428767,-1.2730012639207162,1.0,0.0,0,1,1.4285714285714286,0.04,0
ASAP7,AND2X4,AND2x4_ASAP7_6t_L,A,Y,rise,0.7,25.0,60.5736,-0.3645162521797766,-0.3645162521797766,2.6020599913290483,-1.637517506399239,2.6020599913290483,-1.637517506399239,0.3645162533727032,0.3645162533727032,-1.2730012639207162,-1.2730012639207162,0.3645162533727032,-1.2730012639207162,1.0,0.0,0,1,1.4285714285714286,0.04,0
ASAP7,NOR2X1,NOR2x1_ASAP7_6t_L,A,Y,rise,0.7,25.0,284.119,-0.6655462468384465,-0.9665762404918051,2.6020599913290483,-1.336487520160051,2.6020599913290483,-1.336487520160051,0.6655462489428767,0.9665762445599542,-0.67094127870002,-0.3699112840539164,0.6655462489428767,-0.67094127870002,2.0,0.3333333333333333,0,1,1.4285714285714286,0.04,0
ASAP7,OR2X2,OR2x2_ASAP7_6t_L,B,Y,fall,0.7,25.0,216.593,-0.6655462468384465,-0.7904849827765389,1.6989700043447047,-1.0354575292084665,1.6989700043447047,-1.0354575292084665,0.6655462489428767,0.7904849855277247,-0.3699112840539164,-0.24497254770008592,0.7904849855277247,-0.24497254770008592,1.3333333333333335,0.14285714285714285,0,1,1.4285714285714286,0.04,0
ASAP7,NOR3X2,NOR3x2_ASAP7_6t_L,C,Y,rise,0.7,25.0,40.3445,-0.012333734626920325,-0.48945498845297275,1.6989700043447047,-1.9385474832136347,1.6989700043447047,-1.9385474832136347,0.012333735495859591,0.4894549899340993,-1.926213749195486,-1.4490925189048869,0.012333735495859591,-1.926213749195486,3.0000000000000004,0.5,0,1,1.4285714285714286,0.04,0
ASAP7,INVX4,INVx4_ASAP7_6t_L,A,Y,rise,0.7,25.0,127.897,-0.6655462468384465,-0.6655462468384465,1.6989700043447047,-1.0354575292084665,1.6989700043447047,-1.0354575292084665,0.6655462489428767,0.6655462489428767,-0.3699112840539164,-0.3699112840539164,0.6655462489428767,-0.3699112840539164,1.0,0.0,1,1,1.4285714285714286,0.04,0
ASAP7,INVX8,INVx8_ASAP7_6t_L,A,Y,fall,0.7,25.0,19.3999,-0.3645162521797766,-0.3645162521797766,1.3979400086894094,-1.637517506399239,1.3979400086894094,-1.637517506399239,0.3645162533727032,0.3645162533727032,-1.2730012639207162,-1.2730012639207162,0.3645162533727032,-1.2730012639207162,1.0,0.0,1,1,1.4285714285714286,0.04,0
ASAP7,NOR3X1,NOR3x1_ASAP7_6t_L,C,Y,rise,0.7,25.0,20.917,-0.31336372984409655,-0.7904849827765389,2.0000000000043427,-2.8416372063114648,2.0000000000043427,-2.8416372063114648,0.31336373094877373,0.7904849855277247,-2.5282736305926807,-2.051152473589255,0.31336373094877373,-2.5282736305926807,3.0,0.4999999999999999,0,1,1.4285714285714286,0.04,0
ASAP7,OR3X4,OR3x4_ASAP7_6t_L,C,Y,rise,0.7,25.0,25.3482,-0.4225081990138475,-0.4225081990138475,1.0969100130428,-2.239577441178447,1.0969100130428,-2.239577441178447,0.4225082003269381,0.4225082003269381,-1.817069287913439,-1.817069287913439,0.4225082003269381,-1.817069287913439,1.0,0.0,0,1,1.4285714285714286,0.04,0
ASAP7,OR4X1,OR4x1_ASAP7_6t_L,D,Y,rise,0.7,25.0,69.605,-0.5686362342325145,-0.5686362342325145,1.0969100130428,-1.9385474832136347,1.0969100130428,-1.9385474832136347,0.5686362359582722,0.5686362359582722,-1.3699112748930173,-1.3699112748930173,0.5686362359582722,-1.3699112748930173,1.0,0.0,0,1,1.4285714285714286,0.04,0
ASAP7,OR4X1,OR4x1_ASAP7_6t_L,A,Y,fall,0.7,25.0,28.1399,-0.5686362342325145,-0.5686362342325145,0.7958800174135623,-3.14266690038237,0.7958800174135623,-3.14266690038237,0.5686362359582722,0.5686362359582722,-2.5740311048673186,-2.5740311048673186,0.5686362359582722,-2.5740311048673186,1.0,0.0,0,1,1.4285714285714286,0.04,0
ASAP7,OR3X1,OR3x1_ASAP7_6t_L,B,Y,rise,0.7,25.0,240.002,-0.6655462468384465,-0.6655462468384465,1.3979400086894094,-1.336487520160051,1.3979400086894094,-1.336487520160051,0.6655462489428767,0.6655462489428767,-0.67094127870002,-0.67094127870002,0.6655462489428767,-0.67094127870002,1.0,0.0,0,1,1.4285714285714286,0.04,0
ASAP7,NOR3X2,NOR3x2_ASAP7_6t_L,C,Y,fall,0.7,25.0,16.2693,-0.012333734626920325,-0.48945498845297275,1.0969100130428,-2.5406073614441,1.0969100130428,-2.5406073614441,0.012333735495859591,0.4894549899340993,-2.528273630592681,-2.051152473589255,0.4894549899340993,-2.051152473589255,3.0000000000000004,0.5,0,1,1.4285714285714286,0.04,0
ASAP7,AND2X2,AND2x2_ASAP7_6t_L,B,Y,rise,0.7,25.0,37.437,-0.7904849827765389,-0.6655462468384465,2.6020599913290483,-2.5406073614441,2.6020599913290483,-2.5406073614441,0.7904849855277247,0.6655462489428767,-1.7501225023543363,-1.875061230819615,0.7904849855277247,-1.7501225023543363,0.75,-0.14285714285714285,0,1,1.4285714285714286,0.04,0
ASAP7,NOR3X2,NOR3x2_ASAP7_6t_L,C,Y,rise,0.7,25.0,125.641,-0.012333734626920325,-0.48945498845297275,2.0000000000043427,-1.336487520160051,2.0000000000043427,-1.336487520160051,0.012333735495859591,0.4894549899340993,-1.3241537853502199,-0.8470325367378235,0.012333735495859591,-1.3241537853502199,3.0000000000000004,0.5,0,1,1.4285714285714286,0.04,0
ASAP7,OR3X4,OR3x4_ASAP7_6t_L,C,Y,fall,0.7,25.0,72.1709,-0.4225081990138475,-0.4225081990138475,1.3979400086894094,-1.637517506399239,1.3979400086894094,-1.637517506399239,0.4225082003269381,0.4225082003269381,-1.2150093179609072,-1.2150093179609072,0.4225082003269381,-1.2150093179609072,1.0,0.0,0,1,1.4285714285714286,0.04,0
ASAP7,NOR3X1,NOR3x1_ASAP7_6t_L,A,Y,rise,0.7,25.0,23.4859,-0.31336372984409655,-0.7904849827765389,2.0000000000043427,-2.8416372063114648,2.0000000000043427,-2.8416372063114648,0.31336373094877373,0.7904849855277247,-2.5282736305926807,-2.051152473589255,0.31336373094877373,-2.5282736305926807,3.0,0.4999999999999999,0,1,1.4285714285714286,0.04,0
ASAP7,AND2X4,AND2x4_ASAP7_6t_L,B,Y,rise,0.7,25.0,47.109,-0.3645162521797766,-0.3645162521797766,2.301029995666153,-1.9385474832136347,2.301029995666153,-1.9385474832136347,0.3645162533727032,0.3645162533727032,-1.574031251441676,-1.574031251441676,0.3645162533727032,-1.574031251441676,1.0,0.0,0,1,1.4285714285714286,0.04,0
ASAP7,NOR3X1,NOR3x1_ASAP7_6t_L,B,Y,rise,0.7,25.0,47.9319,-0.31336372984409655,-0.7904849827765389,2.0000000000043427,-2.239577441178447,2.0000000000043427,-2.239577441178447,0.31336373094877373,0.7904849855277247,-1.926213749195486,-1.4490925189048869,0.31336373094877373,-1.926213749195486,3.0,0.4999999999999999,0,1,1.4285714285714286,0.04,0
ASAP7,OR3X2,OR3x2_ASAP7_6t_L,C,Y,fall,0.7,25.0,81.8994,-0.5686362342325145,-0.5686362342325145,1.3979400086894094,-1.637517506399239,1.3979400086894094,-1.637517506399239,0.5686362359582722,0.5686362359582722,-1.0688812843184246,-1.0688812843184246,0.5686362359582722,-1.0688812843184246,1.0,0.0,0,1,1.4285714285714286,0.04,0
ASAP7,NAND2X1,NAND2x1_ASAP7_6t_L,A,Y,rise,0.7,25.0,143.635,-0.9665762404918051,-0.6655462468384465,2.0000000000043427,-1.637517506399239,2.0000000000043427,-1.637517506399239,0.9665762445599542,0.6655462489428767,-0.67094127870002,-0.9719712723282458,0.9665762445599542,-0.67094127870002,0.5,-0.3333333333333333,0,1,1.4285714285714286,0.04,0
ASAP7,OR2X2,OR2x2_ASAP7_6t_L,A,Y,fall,0.7,25.0,214.819,-0.6655462468384465,-0.7904849827765389,1.6989700043447047,-1.0354575292084665,1.6989700043447047,-1.0354575292084665,0.6655462489428767,0.7904849855277247,-0.3699112840539164,-0.24497254770008592,0.7904849855277247,-0.24497254770008592,1.3333333333333335,0.14285714285714285,0,1,1.4285714285714286,0.04,0
ASAP7,OR2X4,OR2x4_ASAP7_6t_L,A,Y,fall,0.7,25.0,246.117,-0.48945498845297275,-0.48945498845297275,2.301029995666153,-0.7344275359006837,2.301029995666153,-0.7344275359006837,0.4894549899340993,0.4894549899340993,-0.24497254770008592,-0.24497254770008592,0.4894549899340993,-0.24497254770008592,1.0,0.0,0,1,1.4285714285714286,0.04,0
ASAP7,AND3X4,AND3x4_ASAP7_6t_L,C,Y,rise,0.7,25.0,82.8395,-0.4225081990138475,-0.26760623937278244,1.3979400086894094,-1.336487520160051,1.3979400086894094,-1.336487520160051,0.4225082003269381,0.26760624041155046,-0.9139793258594977,-1.0688812843184246,0.4225082003269381,-0.9139793258594977,0.7,-0.17647058823529424,0,1,1.4285714285714286,0.04,0
ASAP7,NOR3X2,NOR3x2_ASAP7_6t_L,C,Y,rise,0.7,25.0,14.8818,-0.012333734626920325,-0.48945498845297275,0.7958800174135623,-2.5406073614441,0.7958800174135623,-2.5406073614441,0.012333735495859591,0.4894549899340993,-2.528273630592681,-2.051152473589255,0.012333735495859591,-2.528273630592681,3.0000000000000004,0.5,0,1,1.4285714285714286,0.04,0
ASAP7,NAND3X1,NAND3x1_ASAP7_6t_L,B,Y,rise,0.7,25.0,61.2793,-0.7904849827765389,-0.31336372984409655,2.0000000000043427,-2.239577441178447,2.0000000000043427,-2.239577441178447,0.7904849855277247,0.31336373094877373,-1.4490925189048869,-1.926213749195486,0.7904849855277247,-1.4490925189048869,0.3333333333333333,-0.4999999999999999,0,1,1.4285714285714286,0.04,0
ASAP7,NOR3X2,NOR3x2_ASAP7_6t_L,C,Y,fall,0.7,25.0,104.95,-0.012333734626920325,-0.48945498845297275,0.7958800174135623,-1.336487520160051,0.7958800174135623,-1.336487520160051,0.012333735495859591,0.4894549899340993,-1.3241537853502199,-0.8470325367378235,0.4894549899340993,-0.8470325367378235,3.0000000000000004,0.5,0,1,1.4285714285714286,0.04,0
ASAP7,AND3X4,AND3x4_ASAP7_6t_L,A,Y,fall,0.7,25.0,45.4397,-0.4225081990138475,-0.26760623937278244,1.0969100130428,-1.637517506399239,1.0969100130428,-1.637517506399239,0.4225082003269381,0.26760624041155046,-1.2150093179609072,-1.3699112748930173,0.26760624041155046,-1.3699112748930173,0.7,-0.17647058823529424,0,1,1.4285714285714286,0.04,0
ASAP7,OR2X4,OR2x4_ASAP7_6t_L,B,Y,fall,0.7,25.0,87.5435,-0.48945498845297275,-0.48945498845297275,1.6989700043447047,-1.336487520160051,1.6989700043447047,-1.336487520160051,0.4894549899340993,0.4894549899340993,-0.8470325367378235,-0.8470325367378235,0.4894549899340993,-0.8470325367378235,1.0,0.0,0,1,1.4285714285714286,0.04,0
ASAP7,XOR2X2,XOR2x2_ASAP7_6t_L,B,Y,fall,0.7,25.0,38.0686,-0.4225081990138475,-0.4225081990138475,2.6020599913290483,-2.5406073614441,2.6020599913290483,-2.5406073614441,0.4225082003269381,0.4225082003269381,-2.1180992550768476,-2.1180992550768476,0.4225082003269381,-2.1180992550768476,1.0,0.0,0,1,1.4285714285714286,0.04,0
ASAP7,AND3X4,AND3x4_ASAP7_6t_L,C,Y,rise,0.7,25.0,87.7366,-0.4225081990138475,-0.26760623937278244,2.6020599913290483,-1.336487520160051,2.6020599913290483,-1.336487520160051,0.4225082003269381,0.26760624041155046,-0.9139793258594977,-1.0688812843184246,0.4225082003269381,-0.9139793258594977,0.7,-0.17647058823529424,0,1,1.4285714285714286,0.04,0
ASAP7,NOR2X1,NOR2x1_ASAP7_6t_L,B,Y,fall,0.7,25.0,7.54906,-0.6655462468384465,-0.9665762404918051,0.7958800174135623,-3.14266690038237,0.7958800174135623,-3.14266690038237,0.6655462489428767,0.9665762445599542,-2.4771211244313376,-2.176091193911514,0.9665762445599542,-2.176091193911514,2.0,0.3333333333333333,0,1,1.4285714285714286,0.04,0
ASAP7,BUFX8,BUFx8_ASAP7_6t_L,A,Y,fall,0.7,25.0,37.8777,-0.26760623937278244,-0.26760623937278244,1.6989700043447047,-1.637517506399239,1.6989700043447047,-1.637517506399239,0.26760624041155046,0.26760624041155046,-1.3699112748930173,-1.3699112748930173,0.26760624041155046,-1.3699112748930173,1.0,0.0,0,1,1.4285714285714286,0.04,0
ASAP7,NOR3X2,NOR3x2_ASAP7_6t_L,C,Y,fall,0.7,25.0,33.3251,-0.012333734626920325,-0.48945498845297275,0.7958800174135623,-1.9385474832136347,0.7958800174135623,-1.9385474832136347,0.012333735495859591,0.4894549899340993,-1.926213749195486,-1.4490925189048869,0.4894549899340993,-1.4490925189048869,3.0000000000000004,0.5,0,1,1.4285714285714286,0.04,0
ASAP7,NAND2X2,NAND2x2_ASAP7_6t_L,A,Y,fall,0.7,25.0,23.1417,-0.6655462468384465,-0.3645162521797766,2.6020599913290483,-2.239577441178447,2.6020599913290483,-2.239577441178447,0.6655462489428767,0.3645162533727032,-1.574031251441676,-1.875061230819615,0.3645162533727032,-1.875061230819615,0.5000000000000001,-0.3333333333333333,0,1,1.4285714285714286,0.04,0
ASAP7,OR3X1,OR3x1_ASAP7_6t_L,A,Y,rise,0.7,25.0,18.3806,-0.6655462468384465,-0.6655462468384465,1.6989700043447047,-3.14266690038237,1.6989700043447047,-3.14266690038237,0.6655462489428767,0.6655462489428767,-2.4771211244313376,-2.4771211244313376,0.6655462489428767,-2.4771211244313376,1.0,0.0,0,1,1.4285714285714286,0.04,0
